entrez,symbol,pubmed_id,type,primary_site,cancer_type,method
71,ACTG1,26451490,WES,breast,breast_cancer,MutSig
91,ACVR1B,26909576,WGS,pancreas,pancreatic_cancer_(all_histologies),"HOTNET2, OncodriveFM, MutSig"
91,ACVR1B,20668451,Gene panel,breast,breast_cancer,Wood-based
92,ACVR2A,26909576,WGS,pancreas,pancreatic_cancer_(all_histologies),"HOTNET2, OncodriveFM, MutSig"
107,ADCY1,22941189,WES,lung,small_cell_lung_cancer,Wood-based
143,PARP4,26451490,WES,breast,breast_cancer,MutSig
207,AKT1,22722202,WES,breast,breast_cancer,MutSig
207,AKT1,23000897,WES,breast,breast_cancer,MuSiC
207,AKT1,26451490,WES,breast,breast_cancer,MutSig
207,AKT1,20668451,Gene panel,breast,breast_cancer,Wood-based
207,AKT1,28027327,WES,breast,breast_cancer,MutSig
207,AKT1,27135926,WGS,breast,breast_cancer,Paper-specific
207,AKT1,27161491,Gene panel,breast,breast_cancer,Recurrence-based
207,AKT1,22722201,WES,breast,breast_cancer,Greenman-based
207,AKT1,26939876,Gene panel,breast,triple_negative_breast_cancer,"Recurrence-based, Paper-specific"
207,AKT1,26099045,WGS,breast,breast_cancer,"Recurrence-based, Literature-based"
208,AKT2,27135926,WGS,breast,breast_cancer,Paper-specific
208,AKT2,22722201,WES,breast,breast_cancer,Greenman-based
208,AKT2,26099045,WGS,breast,breast_cancer,"Recurrence-based, Literature-based"
238,ALK,26939876,Gene panel,breast,triple_negative_breast_cancer,"Recurrence-based, Paper-specific"
324,APC,27158780,WES,lung,lung_cancer_(all_histologies),MutSig
324,APC,18948947,Gene panel,lung,lung_adenocarcinoma,MuSiC
324,APC,27135926,WGS,breast,breast_cancer,Paper-specific
324,APC,22722201,WES,breast,breast_cancer,Greenman-based
324,APC,26939876,Gene panel,breast,triple_negative_breast_cancer,"Recurrence-based, Paper-specific"
324,APC,26099045,WGS,breast,breast_cancer,"Recurrence-based, Literature-based"
355,FAS,26939876,Gene panel,breast,triple_negative_breast_cancer,"Recurrence-based, Paper-specific"
387,RHOA,27135926,WGS,breast,breast_cancer,Paper-specific
463,ZFHX3,26503331,WES-gene panel,lung,lung_squamous_cell_carcinoma,MutSig
472,ATM,26909576,WGS,pancreas,pancreatic_cancer_(all_histologies),"HOTNET2, OncodriveFM, MutSig"
472,ATM,23103869,WES,pancreas,pancreatic_ductal_adenocarcinoma,MuSiC
472,ATM,27158780,WES,lung,lung_cancer_(all_histologies),MutSig
472,ATM,18948947,Gene panel,lung,lung_adenocarcinoma,MuSiC
472,ATM,22980975,WES,lung,lung_adenocarcinoma,InVEx
472,ATM,27687306,WES,lung,lung_adenocarcinoma,InVEx
472,ATM,22327622,Gene panel,lung,non-small_cell_lung_cancer,Recurrence-based
472,ATM,27135926,WGS,breast,breast_cancer,Paper-specific
472,ATM,28810144,WES plus targeted deep resequencing,pancreas,pancreatic_ductal_adenocarcinoma,MutSig
472,ATM,26939876,Gene panel,breast,triple_negative_breast_cancer,"Recurrence-based, Paper-specific"
545,ATR,27135926,WGS,breast,breast_cancer,Paper-specific
545,ATR,26099045,WGS,breast,breast_cancer,"Recurrence-based, Literature-based"
546,ATRX,21252315,WES,pancreas,pancreatic_neuroendocrine_tumours,Recurrence-based
546,ATRX,27135926,WGS,breast,breast_cancer,Paper-specific
546,ATRX,25301631,WES,lung,lung_adenocarcinoma,Literature-based
595,CCND1,27135926,WGS,breast,breast_cancer,Paper-specific
595,CCND1,26099045,WGS,breast,breast_cancer,"Recurrence-based, Literature-based"
639,PRDM1,27135926,WGS,breast,breast_cancer,Paper-specific
672,BRCA1,27135926,WGS,breast,breast_cancer,Paper-specific
672,BRCA1,27161491,Gene panel,breast,breast_cancer,Recurrence-based
672,BRCA1,22722201,WES,breast,breast_cancer,Greenman-based
672,BRCA1,26099045,WGS,breast,breast_cancer,"Recurrence-based, Literature-based"
672,BRCA1,25301631,WES,lung,lung_adenocarcinoma,Literature-based
673,BRAF,27158780,WES,lung,lung_cancer_(all_histologies),MutSig
673,BRAF,25079552,WES,lung,lung_adenocarcinoma,MutSig
673,BRAF,22980975,WES,lung,lung_adenocarcinoma,InVEx
673,BRAF,27687306,WES,lung,lung_adenocarcinoma,InVEx
673,BRAF,22327622,Gene panel,lung,non-small_cell_lung_cancer,Recurrence-based
673,BRAF,27135926,WGS,breast,breast_cancer,Paper-specific
675,BRCA2,27135926,WGS,breast,breast_cancer,Paper-specific
675,BRCA2,27161491,Gene panel,breast,breast_cancer,Recurrence-based
675,BRCA2,22722201,WES,breast,breast_cancer,Greenman-based
675,BRCA2,28810144,WES plus targeted deep resequencing,pancreas,pancreatic_ductal_adenocarcinoma,MutSig
675,BRCA2,22156295,WES,pancreas,pancreatic_ductal_adenocarcinoma,Recurrence-based
675,BRCA2,26939876,Gene panel,breast,triple_negative_breast_cancer,"Recurrence-based, Paper-specific"
675,BRCA2,26099045,WGS,breast,breast_cancer,"Recurrence-based, Literature-based"
701,BUB1B,27135926,WGS,breast,breast_cancer,Paper-specific
841,CASP8,26451490,WES,breast,breast_cancer,MutSig
841,CASP8,27135926,WGS,breast,breast_cancer,Paper-specific
841,CASP8,22722201,WES,breast,breast_cancer,Greenman-based
841,CASP8,26099045,WGS,breast,breast_cancer,"Recurrence-based, Literature-based"
861,RUNX1,23000897,WES,breast,breast_cancer,MuSiC
861,RUNX1,26451490,WES,breast,breast_cancer,MutSig
861,RUNX1,27135926,WGS,breast,breast_cancer,Paper-specific
861,RUNX1,27161491,Gene panel,breast,breast_cancer,Recurrence-based
861,RUNX1,26437033,WES-gene panel,breast,breast_fibroepithelial_tumours,Recurrence-based
861,RUNX1,26939876,Gene panel,breast,triple_negative_breast_cancer,"Recurrence-based, Paper-specific"
861,RUNX1,26099045,WGS,breast,breast_cancer,"Recurrence-based, Literature-based"
865,CBFB,22722202,WES,breast,breast_cancer,MutSig
865,CBFB,23000897,WES,breast,breast_cancer,MuSiC
865,CBFB,26451490,WES,breast,breast_cancer,MutSig
865,CBFB,20668451,Gene panel,breast,breast_cancer,Wood-based
865,CBFB,28027327,WES,breast,breast_cancer,MutSig
865,CBFB,27135926,WGS,breast,breast_cancer,Paper-specific
865,CBFB,27161491,Gene panel,breast,breast_cancer,Recurrence-based
867,CBL,22980975,WES,lung,lung_adenocarcinoma,InVEx
867,CBL,26939876,Gene panel,breast,triple_negative_breast_cancer,"Recurrence-based, Paper-specific"
868,CBLB,27135926,WGS,breast,breast_cancer,Paper-specific
896,CCND3,23000897,WES,breast,breast_cancer,MuSiC
896,CCND3,27135926,WGS,breast,breast_cancer,Paper-specific
898,CCNE1,27135926,WGS,breast,breast_cancer,Paper-specific
898,CCNE1,26939876,Gene panel,breast,triple_negative_breast_cancer,"Recurrence-based, Paper-specific"
995,CDC25C,20668451,Gene panel,lung,lung_cancer_(all_histologies),Wood-based
999,CDH1,23000897,WES,breast,breast_cancer,MuSiC
999,CDH1,26451490,WES,breast,breast_cancer,MutSig
999,CDH1,28027327,WES,breast,breast_cancer,MutSig
999,CDH1,27135926,WGS,breast,breast_cancer,Paper-specific
999,CDH1,27161491,Gene panel,breast,breast_cancer,Recurrence-based
999,CDH1,22722201,WES,breast,breast_cancer,Greenman-based
999,CDH1,26099045,WGS,breast,breast_cancer,"Recurrence-based, Literature-based"
1008,CDH10,18772397,WES,pancreas,pancreatic_ductal_adenocarcinoma,Wood-based
1008,CDH10,26503331,WES-gene panel,lung,lung_squamous_cell_carcinoma,MutSig
1008,CDH10,22941188,WES,lung,small_cell_lung_cancer,MuSiC
1009,CDH11,26503331,WES-gene panel,lung,lung_squamous_cell_carcinoma,MutSig
1012,CDH13,25855536,WES,pancreas,pancreatic_ductal_adenocarcinoma,MutSig
1021,CDK6,27135926,WGS,breast,breast_cancer,Paper-specific
1027,CDKN1B,23000897,WES,breast,breast_cancer,MuSiC
1027,CDKN1B,26451490,WES,breast,breast_cancer,MutSig
1027,CDKN1B,27135926,WGS,breast,breast_cancer,Paper-specific
1027,CDKN1B,27161491,Gene panel,breast,breast_cancer,Recurrence-based
1027,CDKN1B,22722201,WES,breast,breast_cancer,Greenman-based
1027,CDKN1B,26099045,WGS,breast,breast_cancer,"Recurrence-based, Literature-based"
1029,CDKN2A,26909576,WGS,pancreas,pancreatic_cancer_(all_histologies),"HOTNET2, OncodriveFM, MutSig"
1029,CDKN2A,23103869,WES,pancreas,pancreatic_ductal_adenocarcinoma,MuSiC
1029,CDKN2A,27158780,WES,lung,lung_cancer_(all_histologies),MutSig
1029,CDKN2A,22960745,WES,lung,lung_squamous_cell_carcinoma,MutSig
1029,CDKN2A,25079552,WES,lung,lung_adenocarcinoma,MutSig
1029,CDKN2A,18948947,Gene panel,lung,lung_adenocarcinoma,MuSiC
1029,CDKN2A,18772397,WES,pancreas,pancreatic_ductal_adenocarcinoma,Wood-based
1029,CDKN2A,20668451,Gene panel,lung,lung_cancer_(all_histologies),Wood-based
1029,CDKN2A,28027327,WES,breast,breast_cancer,MutSig
1029,CDKN2A,22327622,Gene panel,lung,non-small_cell_lung_cancer,Recurrence-based
1029,CDKN2A,27135926,WGS,breast,breast_cancer,Paper-specific
1029,CDKN2A,27161491,Gene panel,breast,breast_cancer,Recurrence-based
1029,CDKN2A,26154128,WES-gene panel,pancreas,pancreatic_ductal_adenocarcinoma,Recurrence-based
1029,CDKN2A,22722201,WES,breast,breast_cancer,Greenman-based
1029,CDKN2A,28810144,WES plus targeted deep resequencing,pancreas,pancreatic_ductal_adenocarcinoma,MutSig
1029,CDKN2A,25719666,WGS,pancreas,pancreatic_ductal_adenocarcinoma,"MutSig, Recurrence-based"
1029,CDKN2A,22156295,WES,pancreas,pancreatic_ductal_adenocarcinoma,Recurrence-based
1029,CDKN2A,26939876,Gene panel,breast,triple_negative_breast_cancer,"Recurrence-based, Paper-specific"
1029,CDKN2A,25855536,WES,pancreas,pancreatic_ductal_adenocarcinoma,MutSig
1029,CDKN2A,26099045,WGS,breast,breast_cancer,"Recurrence-based, Literature-based"
1030,CDKN2B,27135926,WGS,breast,breast_cancer,Paper-specific
1030,CDKN2B,26939876,Gene panel,breast,triple_negative_breast_cancer,"Recurrence-based, Paper-specific"
1234,CCR5,20668451,Gene panel,lung,lung_cancer_(all_histologies),Wood-based
1240,CMKLR1,20668451,Gene panel,lung,lung_cancer_(all_histologies),Wood-based
1303,COL12A1,27687306,WES,lung,lung_adenocarcinoma,InVEx
1316,KLF6,26939876,Gene panel,breast,triple_negative_breast_cancer,"Recurrence-based, Paper-specific"
1387,CREBBP,26168399,WGS,lung,small_cell_lung_cancer,Paper-specific
1387,CREBBP,27135926,WGS,breast,breast_cancer,Paper-specific
1387,CREBBP,26939876,Gene panel,breast,triple_negative_breast_cancer,"Recurrence-based, Paper-specific"
1495,CTNNA1,27161491,Gene panel,breast,breast_cancer,Recurrence-based
1496,CTNNA2,18772397,WES,pancreas,pancreatic_ductal_adenocarcinoma,Wood-based
1499,CTNNB1,27158780,WES,lung,lung_cancer_(all_histologies),MutSig
1499,CTNNB1,22980975,WES,lung,lung_adenocarcinoma,InVEx
1499,CTNNB1,22327622,Gene panel,lung,non-small_cell_lung_cancer,Recurrence-based
1499,CTNNB1,26939876,Gene panel,breast,triple_negative_breast_cancer,"Recurrence-based, Paper-specific"
1499,CTNNB1,22158988,WES,pancreas,pancreatic_neoplastic_cysts,Recurrence-based
1523,CUX1,27135926,WGS,breast,breast_cancer,Paper-specific
1602,DACH1,22980976,WGS,lung,non-small_cell_lung_cancer,MuSiC
1616,DAXX,21252315,WES,pancreas,pancreatic_neuroendocrine_tumours,Recurrence-based
1616,DAXX,26939876,Gene panel,breast,triple_negative_breast_cancer,"Recurrence-based, Paper-specific"
1788,DNMT3A,27135926,WGS,breast,breast_cancer,Paper-specific
1788,DNMT3A,26939876,Gene panel,breast,triple_negative_breast_cancer,"Recurrence-based, Paper-specific"
1789,DNMT3B,26939876,Gene panel,breast,triple_negative_breast_cancer,"Recurrence-based, Paper-specific"
1956,EGFR,27158780,WES,lung,lung_cancer_(all_histologies),MutSig
1956,EGFR,25079552,WES,lung,lung_adenocarcinoma,MutSig
1956,EGFR,18948947,Gene panel,lung,lung_adenocarcinoma,MuSiC
1956,EGFR,22980976,WGS,lung,non-small_cell_lung_cancer,MuSiC
1956,EGFR,22980975,WES,lung,lung_adenocarcinoma,InVEx
1956,EGFR,27687306,WES,lung,lung_adenocarcinoma,InVEx
1956,EGFR,20668451,Gene panel,lung,lung_cancer_(all_histologies),Wood-based
1956,EGFR,27135926,WGS,breast,breast_cancer,Paper-specific
1956,EGFR,26437033,WES-gene panel,breast,breast_fibroepithelial_tumours,Recurrence-based
1956,EGFR,25301631,WES,lung,lung_adenocarcinoma,Literature-based
2011,MARK2,26909576,WGS,pancreas,pancreatic_cancer_(all_histologies),"HOTNET2, OncodriveFM, MutSig"
2033,EP300,26168399,WGS,lung,small_cell_lung_cancer,Paper-specific
2033,EP300,18772397,WES,pancreas,pancreatic_ductal_adenocarcinoma,Wood-based
2033,EP300,26939876,Gene panel,breast,triple_negative_breast_cancer,"Recurrence-based, Paper-specific"
2033,EP300,26099045,WGS,breast,breast_cancer,"Recurrence-based, Literature-based"
2042,EPHA3,18948947,Gene panel,lung,lung_adenocarcinoma,MuSiC
2042,EPHA3,22980976,WGS,lung,non-small_cell_lung_cancer,MuSiC
2044,EPHA5,18948947,Gene panel,lung,lung_adenocarcinoma,MuSiC
2044,EPHA5,20668451,Gene panel,lung,lung_cancer_(all_histologies),Wood-based
2045,EPHA7,26939876,Gene panel,breast,triple_negative_breast_cancer,"Recurrence-based, Paper-specific"
2047,EPHB1,26939876,Gene panel,breast,triple_negative_breast_cancer,"Recurrence-based, Paper-specific"
2064,ERBB2,27158780,WES,lung,lung_cancer_(all_histologies),MutSig
2064,ERBB2,26451490,WES,breast,breast_cancer,MutSig
2064,ERBB2,27135926,WGS,breast,breast_cancer,Paper-specific
2064,ERBB2,27161491,Gene panel,breast,breast_cancer,Recurrence-based
2064,ERBB2,22722201,WES,breast,breast_cancer,Greenman-based
2064,ERBB2,26099045,WGS,breast,breast_cancer,"Recurrence-based, Literature-based"
2065,ERBB3,20668451,Gene panel,breast,breast_cancer,Wood-based
2065,ERBB3,27135926,WGS,breast,breast_cancer,Paper-specific
2065,ERBB3,26939876,Gene panel,breast,triple_negative_breast_cancer,"Recurrence-based, Paper-specific"
2066,ERBB4,18948947,Gene panel,lung,lung_adenocarcinoma,MuSiC
2066,ERBB4,20668451,Gene panel,lung,lung_cancer_(all_histologies),Wood-based
2066,ERBB4,26437033,WES-gene panel,breast,breast_fibroepithelial_tumours,Recurrence-based
2066,ERBB4,26939876,Gene panel,breast,triple_negative_breast_cancer,"Recurrence-based, Paper-specific"
2072,ERCC4,27135926,WGS,breast,breast_cancer,Paper-specific
2078,ERG,26939876,Gene panel,breast,triple_negative_breast_cancer,"Recurrence-based, Paper-specific"
2099,ESR1,28027327,WES,breast,breast_cancer,MutSig
2099,ESR1,27135926,WGS,breast,breast_cancer,Paper-specific
2099,ESR1,24185510,WES,breast,breast_cancer,Recurrence-based
2099,ESR1,24185512,WES,breast,breast_cancer,Recurrence-based
2120,ETV6,26939876,Gene panel,breast,triple_negative_breast_cancer,"Recurrence-based, Paper-specific"
2157,F8,18772397,WES,pancreas,pancreatic_ductal_adenocarcinoma,Wood-based
2195,FAT1,27158780,WES,lung,lung_cancer_(all_histologies),MutSig
2260,FGFR1,26939876,Gene panel,breast,triple_negative_breast_cancer,"Recurrence-based, Paper-specific"
2261,FGFR3,22980975,WES,lung,lung_adenocarcinoma,InVEx
2263,FGFR2,27135926,WGS,breast,breast_cancer,Paper-specific
2264,FGFR4,18948947,Gene panel,lung,lung_adenocarcinoma,MuSiC
2271,FH,26939876,Gene panel,breast,triple_negative_breast_cancer,"Recurrence-based, Paper-specific"
2309,FOXO3,27161491,Gene panel,breast,breast_cancer,Recurrence-based
2312,FLG,25855536,WES,pancreas,pancreatic_ductal_adenocarcinoma,MutSig
2316,FLNA,26437033,WES-gene panel,breast,breast_fibroepithelial_tumours,Recurrence-based
2322,FLT3,20668451,Gene panel,lung,lung_cancer_(all_histologies),Wood-based
2346,FOLH1,27687306,WES,lung,lung_adenocarcinoma,InVEx
2624,GATA2,26939876,Gene panel,breast,triple_negative_breast_cancer,"Recurrence-based, Paper-specific"
2625,GATA3,22722202,WES,breast,breast_cancer,MutSig
2625,GATA3,23000897,WES,breast,breast_cancer,MuSiC
2625,GATA3,26451490,WES,breast,breast_cancer,MutSig
2625,GATA3,28027327,WES,breast,breast_cancer,MutSig
2625,GATA3,22608084,WGS,breast,breast_cancer,Literature-based
2625,GATA3,27135926,WGS,breast,breast_cancer,Paper-specific
2625,GATA3,27161491,Gene panel,breast,breast_cancer,Recurrence-based
2625,GATA3,26960396,Gene panel,breast,male_breast_cancer,MutSig
2625,GATA3,22722201,WES,breast,breast_cancer,Greenman-based
2625,GATA3,26939876,Gene panel,breast,triple_negative_breast_cancer,"Recurrence-based, Paper-specific"
2625,GATA3,26099045,WGS,breast,breast_cancer,"Recurrence-based, Literature-based"
2737,GLI3,20668451,Gene panel,lung,lung_cancer_(all_histologies),Wood-based
2778,GNAS,18948947,Gene panel,lung,lung_adenocarcinoma,MuSiC
2778,GNAS,27135926,WGS,breast,breast_cancer,Paper-specific
2778,GNAS,28810144,WES plus targeted deep resequencing,pancreas,pancreatic_ductal_adenocarcinoma,MutSig
2778,GNAS,25855536,WES,pancreas,pancreatic_ductal_adenocarcinoma,MutSig
2778,GNAS,22158988,WES,pancreas,pancreatic_neoplastic_cysts,Recurrence-based
2874,GPS2,23000897,WES,breast,breast_cancer,MuSiC
2874,GPS2,26451490,WES,breast,breast_cancer,MutSig
2874,GPS2,27161491,Gene panel,breast,breast_cancer,Recurrence-based
2891,GRIA2,26451490,WES,breast,breast_cancer,MutSig
2903,GRIN2A,26939876,Gene panel,breast,triple_negative_breast_cancer,"Recurrence-based, Paper-specific"
2909,ARHGAP35,27158780,WES,lung,lung_cancer_(all_histologies),MutSig
2909,ARHGAP35,26451490,WES,breast,breast_cancer,MutSig
3066,HDAC2,25855536,WES,pancreas,pancreatic_ductal_adenocarcinoma,MutSig
3105,HLA-A,22960745,WES,lung,lung_squamous_cell_carcinoma,MutSig
3123,HLA-DRB1,26451490,WES,breast,breast_cancer,MutSig
3169,FOXA1,26451490,WES,breast,breast_cancer,MutSig
3169,FOXA1,27135926,WGS,breast,breast_cancer,Paper-specific
3169,FOXA1,26099045,WGS,breast,breast_cancer,"Recurrence-based, Literature-based"
3265,HRAS,27158780,WES,lung,lung_cancer_(all_histologies),MutSig
3265,HRAS,27135926,WGS,breast,breast_cancer,Paper-specific
3480,IGF1R,27135926,WGS,breast,breast_cancer,Paper-specific
3480,IGF1R,26939876,Gene panel,breast,triple_negative_breast_cancer,"Recurrence-based, Paper-specific"
3561,IL2RG,18772397,WES,pancreas,pancreatic_ductal_adenocarcinoma,Wood-based
3702,ITK,20668451,Gene panel,lung,lung_cancer_(all_histologies),Wood-based
3717,JAK2,22327622,Gene panel,lung,non-small_cell_lung_cancer,Recurrence-based
3791,KDR,18948947,Gene panel,lung,lung_adenocarcinoma,MuSiC
3791,KDR,20668451,Gene panel,lung,lung_cancer_(all_histologies),Wood-based
3815,KIT,26939876,Gene panel,breast,triple_negative_breast_cancer,"Recurrence-based, Paper-specific"
3845,KRAS,26909576,WGS,pancreas,pancreatic_cancer_(all_histologies),"HOTNET2, OncodriveFM, MutSig"
3845,KRAS,23103869,WES,pancreas,pancreatic_ductal_adenocarcinoma,MuSiC
3845,KRAS,27158780,WES,lung,lung_cancer_(all_histologies),MutSig
3845,KRAS,25079552,WES,lung,lung_adenocarcinoma,MutSig
3845,KRAS,26451490,WES,breast,breast_cancer,MutSig
3845,KRAS,18948947,Gene panel,lung,lung_adenocarcinoma,MuSiC
3845,KRAS,22980976,WGS,lung,non-small_cell_lung_cancer,MuSiC
3845,KRAS,22980975,WES,lung,lung_adenocarcinoma,InVEx
3845,KRAS,18772397,WES,pancreas,pancreatic_ductal_adenocarcinoma,Wood-based
3845,KRAS,27687306,WES,lung,lung_adenocarcinoma,InVEx
3845,KRAS,20668451,Gene panel,lung,lung_cancer_(all_histologies),Wood-based
3845,KRAS,20668451,Gene panel,pancreas,pancreatic_ductal_adenocarcinoma,Wood-based
3845,KRAS,26503331,WES-gene panel,lung,lung_squamous_cell_carcinoma,MutSig
3845,KRAS,22327622,Gene panel,lung,non-small_cell_lung_cancer,Recurrence-based
3845,KRAS,27135926,WGS,breast,breast_cancer,Paper-specific
3845,KRAS,27161491,Gene panel,breast,breast_cancer,Recurrence-based
3845,KRAS,26154128,WES-gene panel,pancreas,pancreatic_ductal_adenocarcinoma,Recurrence-based
3845,KRAS,22722201,WES,breast,breast_cancer,Greenman-based
3845,KRAS,28810144,WES plus targeted deep resequencing,pancreas,pancreatic_ductal_adenocarcinoma,MutSig
3845,KRAS,25719666,WGS,pancreas,pancreatic_ductal_adenocarcinoma,"MutSig, Recurrence-based"
3845,KRAS,22156295,WES,pancreas,pancreatic_ductal_adenocarcinoma,Recurrence-based
3845,KRAS,26939876,Gene panel,breast,triple_negative_breast_cancer,"Recurrence-based, Paper-specific"
3845,KRAS,25855536,WES,pancreas,pancreatic_ductal_adenocarcinoma,MutSig
3845,KRAS,22158988,WES,pancreas,pancreatic_neoplastic_cysts,Recurrence-based
3845,KRAS,26099045,WGS,breast,breast_cancer,"Recurrence-based, Literature-based"
3845,KRAS,25301631,WES,lung,lung_adenocarcinoma,Literature-based
3956,LGALS1,26451490,WES,breast,breast_cancer,MutSig
4088,SMAD3,26909576,WGS,pancreas,pancreatic_cancer_(all_histologies),"HOTNET2, OncodriveFM, MutSig"
4088,SMAD3,27135926,WGS,breast,breast_cancer,Paper-specific
4089,SMAD4,26909576,WGS,pancreas,pancreatic_cancer_(all_histologies),"HOTNET2, OncodriveFM, MutSig"
4089,SMAD4,23103869,WES,pancreas,pancreatic_ductal_adenocarcinoma,MuSiC
4089,SMAD4,27158780,WES,lung,lung_cancer_(all_histologies),MutSig
4089,SMAD4,22980975,WES,lung,lung_adenocarcinoma,InVEx
4089,SMAD4,18772397,WES,pancreas,pancreatic_ductal_adenocarcinoma,Wood-based
4089,SMAD4,22608084,WGS,breast,breast_cancer,Literature-based
4089,SMAD4,27161491,Gene panel,breast,breast_cancer,Recurrence-based
4089,SMAD4,26154128,WES-gene panel,pancreas,pancreatic_ductal_adenocarcinoma,Recurrence-based
4089,SMAD4,22722201,WES,breast,breast_cancer,Greenman-based
4089,SMAD4,28810144,WES plus targeted deep resequencing,pancreas,pancreatic_ductal_adenocarcinoma,MutSig
4089,SMAD4,25719666,WGS,pancreas,pancreatic_ductal_adenocarcinoma,"MutSig, Recurrence-based"
4089,SMAD4,22156295,WES,pancreas,pancreatic_ductal_adenocarcinoma,Recurrence-based
4089,SMAD4,25855536,WES,pancreas,pancreatic_ductal_adenocarcinoma,MutSig
4089,SMAD4,26099045,WGS,breast,breast_cancer,"Recurrence-based, Literature-based"
4105,MAGEA6,23103869,WES,pancreas,pancreatic_ductal_adenocarcinoma,MuSiC
4170,MCL1,26939876,Gene panel,breast,triple_negative_breast_cancer,"Recurrence-based, Paper-specific"
4193,MDM2,27135926,WGS,breast,breast_cancer,Paper-specific
4214,MAP3K1,22722202,WES,breast,breast_cancer,MutSig
4214,MAP3K1,23000897,WES,breast,breast_cancer,MuSiC
4214,MAP3K1,26451490,WES,breast,breast_cancer,MutSig
4214,MAP3K1,20668451,Gene panel,breast,breast_cancer,Wood-based
4214,MAP3K1,28027327,WES,breast,breast_cancer,MutSig
4214,MAP3K1,27135926,WGS,breast,breast_cancer,Paper-specific
4214,MAP3K1,27161491,Gene panel,breast,breast_cancer,Recurrence-based
4214,MAP3K1,26960396,Gene panel,breast,male_breast_cancer,MutSig
4214,MAP3K1,22722201,WES,breast,breast_cancer,Greenman-based
4214,MAP3K1,26437033,WES-gene panel,breast,breast_fibroepithelial_tumours,Recurrence-based
4214,MAP3K1,26099045,WGS,breast,breast_cancer,"Recurrence-based, Literature-based"
4221,MEN1,21252315,WES,pancreas,pancreatic_neuroendocrine_tumours,Recurrence-based
4221,MEN1,27135926,WGS,breast,breast_cancer,Paper-specific
4221,MEN1,27161491,Gene panel,breast,breast_cancer,Recurrence-based
4233,MET,27158780,WES,lung,lung_cancer_(all_histologies),MutSig
4233,MET,25079552,WES,lung,lung_adenocarcinoma,MutSig
4233,MET,26939876,Gene panel,breast,triple_negative_breast_cancer,"Recurrence-based, Paper-specific"
4286,MITF,26939876,Gene panel,breast,triple_negative_breast_cancer,"Recurrence-based, Paper-specific"
4292,MLH1,27135926,WGS,breast,breast_cancer,Paper-specific
4297,KMT2A,26154128,WES-gene panel,pancreas,pancreatic_ductal_adenocarcinoma,Recurrence-based
4297,KMT2A,26939876,Gene panel,breast,triple_negative_breast_cancer,"Recurrence-based, Paper-specific"
4297,KMT2A,26099045,WGS,breast,breast_cancer,"Recurrence-based, Literature-based"
4301,AFDN,27135926,WGS,breast,breast_cancer,Paper-specific
4301,AFDN,27161491,Gene panel,breast,breast_cancer,Recurrence-based
4331,MNAT1,20668451,Gene panel,lung,lung_cancer_(all_histologies),Wood-based
4436,MSH2,27135926,WGS,breast,breast_cancer,Paper-specific
4436,MSH2,26939876,Gene panel,breast,triple_negative_breast_cancer,"Recurrence-based, Paper-specific"
4485,MST1,26451490,WES,breast,breast_cancer,MutSig
4602,MYB,26451490,WES,breast,breast_cancer,MutSig
4609,MYC,27135926,WGS,breast,breast_cancer,Paper-specific
4609,MYC,26939876,Gene panel,breast,triple_negative_breast_cancer,"Recurrence-based, Paper-specific"
4751,NEK2,20668451,Gene panel,breast,breast_cancer,Wood-based
4763,NF1,27158780,WES,lung,lung_cancer_(all_histologies),MutSig
4763,NF1,23000897,WES,breast,breast_cancer,MuSiC
4763,NF1,25079552,WES,lung,lung_adenocarcinoma,MutSig
4763,NF1,18948947,Gene panel,lung,lung_adenocarcinoma,MuSiC
4763,NF1,22980975,WES,lung,lung_adenocarcinoma,InVEx
4763,NF1,27687306,WES,lung,lung_adenocarcinoma,InVEx
4763,NF1,27135926,WGS,breast,breast_cancer,Paper-specific
4763,NF1,27161491,Gene panel,breast,breast_cancer,Recurrence-based
4763,NF1,22722201,WES,breast,breast_cancer,Greenman-based
4763,NF1,26437033,WES-gene panel,breast,breast_fibroepithelial_tumours,Recurrence-based
4763,NF1,26939876,Gene panel,breast,triple_negative_breast_cancer,"Recurrence-based, Paper-specific"
4763,NF1,26099045,WGS,breast,breast_cancer,"Recurrence-based, Literature-based"
4771,NF2,26909576,WGS,pancreas,pancreatic_cancer_(all_histologies),"HOTNET2, OncodriveFM, MutSig"
4771,NF2,27135926,WGS,breast,breast_cancer,Paper-specific
4773,NFATC2,27687306,WES,lung,lung_adenocarcinoma,InVEx
4780,NFE2L2,27158780,WES,lung,lung_cancer_(all_histologies),MutSig
4780,NFE2L2,22960745,WES,lung,lung_squamous_cell_carcinoma,MutSig
4780,NFE2L2,26503331,WES-gene panel,lung,lung_squamous_cell_carcinoma,MutSig
4780,NFE2L2,22156295,WES,pancreas,pancreatic_ductal_adenocarcinoma,Recurrence-based
4851,NOTCH1,27158780,WES,lung,lung_cancer_(all_histologies),MutSig
4851,NOTCH1,22960745,WES,lung,lung_squamous_cell_carcinoma,MutSig
4851,NOTCH1,26168399,WGS,lung,small_cell_lung_cancer,Paper-specific
4851,NOTCH1,27135926,WGS,breast,breast_cancer,Paper-specific
4851,NOTCH1,26939876,Gene panel,breast,triple_negative_breast_cancer,"Recurrence-based, Paper-specific"
4853,NOTCH2,27135926,WGS,breast,breast_cancer,Paper-specific
4853,NOTCH2,26939876,Gene panel,breast,triple_negative_breast_cancer,"Recurrence-based, Paper-specific"
4854,NOTCH3,26939876,Gene panel,breast,triple_negative_breast_cancer,"Recurrence-based, Paper-specific"
4893,NRAS,27158780,WES,lung,lung_cancer_(all_histologies),MutSig
4893,NRAS,18948947,Gene panel,lung,lung_adenocarcinoma,MuSiC
4893,NRAS,27135926,WGS,breast,breast_cancer,Paper-specific
4914,NTRK1,18948947,Gene panel,lung,lung_adenocarcinoma,MuSiC
4914,NTRK1,26939876,Gene panel,breast,triple_negative_breast_cancer,"Recurrence-based, Paper-specific"
4916,NTRK3,18948947,Gene panel,lung,lung_adenocarcinoma,MuSiC
4916,NTRK3,26099045,WGS,breast,breast_cancer,"Recurrence-based, Literature-based"
4921,DDR2,26939876,Gene panel,breast,triple_negative_breast_cancer,"Recurrence-based, Paper-specific"
5063,PAK3,18948947,Gene panel,lung,lung_adenocarcinoma,MuSiC
5076,PAX2,26451490,WES,breast,breast_cancer,MutSig
5079,PAX5,20668451,Gene panel,lung,lung_cancer_(all_histologies),Wood-based
5156,PDGFRA,18948947,Gene panel,lung,lung_adenocarcinoma,MuSiC
5156,PDGFRA,27135926,WGS,breast,breast_cancer,Paper-specific
5287,PIK3C2B,22510280,WES,lung,non-small_cell_lung_cancer,"Literature-based, Paper-specific"
5289,PIK3C3,26451490,WES,breast,breast_cancer,MutSig
5290,PIK3CA,22722202,WES,breast,breast_cancer,MutSig
5290,PIK3CA,27158780,WES,lung,lung_cancer_(all_histologies),MutSig
5290,PIK3CA,22960745,WES,lung,lung_squamous_cell_carcinoma,MutSig
5290,PIK3CA,23000897,WES,breast,breast_cancer,MuSiC
5290,PIK3CA,25079552,WES,lung,lung_adenocarcinoma,MutSig
5290,PIK3CA,26451490,WES,breast,breast_cancer,MutSig
5290,PIK3CA,22980975,WES,lung,lung_adenocarcinoma,InVEx
5290,PIK3CA,21252315,WES,pancreas,pancreatic_neuroendocrine_tumours,Recurrence-based
5290,PIK3CA,27687306,WES,lung,lung_adenocarcinoma,InVEx
5290,PIK3CA,20668451,Gene panel,breast,breast_cancer,Wood-based
5290,PIK3CA,28027327,WES,breast,breast_cancer,MutSig
5290,PIK3CA,26503331,WES-gene panel,lung,lung_squamous_cell_carcinoma,MutSig
5290,PIK3CA,22327622,Gene panel,lung,non-small_cell_lung_cancer,Recurrence-based
5290,PIK3CA,22608084,WGS,breast,breast_cancer,Literature-based
5290,PIK3CA,27135926,WGS,breast,breast_cancer,Paper-specific
5290,PIK3CA,27161491,Gene panel,breast,breast_cancer,Recurrence-based
5290,PIK3CA,26960396,Gene panel,breast,male_breast_cancer,MutSig
5290,PIK3CA,22722201,WES,breast,breast_cancer,Greenman-based
5290,PIK3CA,26437033,WES-gene panel,breast,breast_fibroepithelial_tumours,Recurrence-based
5290,PIK3CA,26939876,Gene panel,breast,triple_negative_breast_cancer,"Recurrence-based, Paper-specific"
5290,PIK3CA,25855536,WES,pancreas,pancreatic_ductal_adenocarcinoma,MutSig
5290,PIK3CA,26099045,WGS,breast,breast_cancer,"Recurrence-based, Literature-based"
5291,PIK3CB,26939876,Gene panel,breast,triple_negative_breast_cancer,"Recurrence-based, Paper-specific"
5293,PIK3CD,26939876,Gene panel,breast,triple_negative_breast_cancer,"Recurrence-based, Paper-specific"
5294,PIK3CG,20668451,Gene panel,lung,lung_cancer_(all_histologies),Wood-based
5294,PIK3CG,26503331,WES-gene panel,lung,lung_squamous_cell_carcinoma,MutSig
5295,PIK3R1,23000897,WES,breast,breast_cancer,MuSiC
5295,PIK3R1,26451490,WES,breast,breast_cancer,MutSig
5295,PIK3R1,20668451,Gene panel,breast,breast_cancer,Wood-based
5295,PIK3R1,27135926,WGS,breast,breast_cancer,Paper-specific
5295,PIK3R1,27161491,Gene panel,breast,breast_cancer,Recurrence-based
5295,PIK3R1,26939876,Gene panel,breast,triple_negative_breast_cancer,"Recurrence-based, Paper-specific"
5295,PIK3R1,26099045,WGS,breast,breast_cancer,"Recurrence-based, Literature-based"
5395,PMS2,27135926,WGS,breast,breast_cancer,Paper-specific
5518,PPP2R1A,22980975,WES,lung,lung_adenocarcinoma,InVEx
5530,PPP3CA,27158780,WES,lung,lung_cancer_(all_histologies),MutSig
5565,PRKAB2,20668451,Gene panel,lung,lung_cancer_(all_histologies),Wood-based
5604,MAP2K1,27158780,WES,lung,lung_cancer_(all_histologies),MutSig
5728,PTEN,27158780,WES,lung,lung_cancer_(all_histologies),MutSig
5728,PTEN,23000897,WES,breast,breast_cancer,MuSiC
5728,PTEN,22960745,WES,lung,lung_squamous_cell_carcinoma,MutSig
5728,PTEN,26451490,WES,breast,breast_cancer,MutSig
5728,PTEN,22980975,WES,lung,lung_adenocarcinoma,InVEx
5728,PTEN,21252315,WES,pancreas,pancreatic_neuroendocrine_tumours,Recurrence-based
5728,PTEN,28027327,WES,breast,breast_cancer,MutSig
5728,PTEN,26503331,WES-gene panel,lung,lung_squamous_cell_carcinoma,MutSig
5728,PTEN,27135926,WGS,breast,breast_cancer,Paper-specific
5728,PTEN,27161491,Gene panel,breast,breast_cancer,Recurrence-based
5728,PTEN,22722201,WES,breast,breast_cancer,Greenman-based
5728,PTEN,26939876,Gene panel,breast,triple_negative_breast_cancer,"Recurrence-based, Paper-specific"
5728,PTEN,26099045,WGS,breast,breast_cancer,"Recurrence-based, Literature-based"
5781,PTPN11,26939876,Gene panel,breast,triple_negative_breast_cancer,"Recurrence-based, Paper-specific"
5894,RAF1,27158780,WES,lung,lung_cancer_(all_histologies),MutSig
5914,RARA,26437033,WES-gene panel,breast,breast_fibroepithelial_tumours,Recurrence-based
5921,RASA1,27158780,WES,lung,lung_cancer_(all_histologies),MutSig
5925,RB1,27158780,WES,lung,lung_cancer_(all_histologies),MutSig
5925,RB1,23000897,WES,breast,breast_cancer,MuSiC
5925,RB1,22960745,WES,lung,lung_squamous_cell_carcinoma,MutSig
5925,RB1,25079552,WES,lung,lung_adenocarcinoma,MutSig
5925,RB1,26451490,WES,breast,breast_cancer,MutSig
5925,RB1,18948947,Gene panel,lung,lung_adenocarcinoma,MuSiC
5925,RB1,26168399,WGS,lung,small_cell_lung_cancer,Paper-specific
5925,RB1,22980975,WES,lung,lung_adenocarcinoma,InVEx
5925,RB1,28027327,WES,breast,breast_cancer,MutSig
5925,RB1,27135926,WGS,breast,breast_cancer,Paper-specific
5925,RB1,22941188,WES,lung,small_cell_lung_cancer,MuSiC
5925,RB1,27161491,Gene panel,breast,breast_cancer,Recurrence-based
5925,RB1,22941189,WES,lung,small_cell_lung_cancer,Wood-based
5925,RB1,22722201,WES,breast,breast_cancer,Greenman-based
5925,RB1,26437033,WES-gene panel,breast,breast_fibroepithelial_tumours,Recurrence-based
5925,RB1,26939876,Gene panel,breast,triple_negative_breast_cancer,"Recurrence-based, Paper-specific"
5925,RB1,26099045,WGS,breast,breast_cancer,"Recurrence-based, Literature-based"
5979,RET,20668451,Gene panel,breast,breast_cancer,Wood-based
5979,RET,26939876,Gene panel,breast,triple_negative_breast_cancer,"Recurrence-based, Paper-specific"
6016,RIT1,27158780,WES,lung,lung_cancer_(all_histologies),MutSig
6016,RIT1,25079552,WES,lung,lung_adenocarcinoma,MutSig
6092,ROBO2,27687306,WES,lung,lung_adenocarcinoma,InVEx
6239,RREB1,28810144,WES plus targeted deep resequencing,pancreas,pancreatic_ductal_adenocarcinoma,MutSig
6416,MAP2K4,23000897,WES,breast,breast_cancer,MuSiC
6416,MAP2K4,26451490,WES,breast,breast_cancer,MutSig
6416,MAP2K4,28027327,WES,breast,breast_cancer,MutSig
6416,MAP2K4,22608084,WGS,breast,breast_cancer,Literature-based
6416,MAP2K4,27135926,WGS,breast,breast_cancer,Paper-specific
6416,MAP2K4,27161491,Gene panel,breast,breast_cancer,Recurrence-based
6416,MAP2K4,22722201,WES,breast,breast_cancer,Greenman-based
6416,MAP2K4,26099045,WGS,breast,breast_cancer,"Recurrence-based, Literature-based"
6597,SMARCA4,26909576,WGS,pancreas,pancreatic_cancer_(all_histologies),"HOTNET2, OncodriveFM, MutSig"
6597,SMARCA4,27158780,WES,lung,lung_cancer_(all_histologies),MutSig
6597,SMARCA4,25079552,WES,lung,lung_adenocarcinoma,MutSig
6597,SMARCA4,22980975,WES,lung,lung_adenocarcinoma,InVEx
6597,SMARCA4,18772397,WES,pancreas,pancreatic_ductal_adenocarcinoma,Wood-based
6597,SMARCA4,27687306,WES,lung,lung_adenocarcinoma,InVEx
6597,SMARCA4,27135926,WGS,breast,breast_cancer,Paper-specific
6602,SMARCD1,22722201,WES,breast,breast_cancer,Greenman-based
6651,SON,22156295,WES,pancreas,pancreatic_ductal_adenocarcinoma,Recurrence-based
6660,SOX5,22156295,WES,pancreas,pancreatic_ductal_adenocarcinoma,Recurrence-based
6790,AURKA,26939876,Gene panel,breast,triple_negative_breast_cancer,"Recurrence-based, Paper-specific"
6794,STK11,27158780,WES,lung,lung_cancer_(all_histologies),MutSig
6794,STK11,25079552,WES,lung,lung_adenocarcinoma,MutSig
6794,STK11,18948947,Gene panel,lung,lung_adenocarcinoma,MuSiC
6794,STK11,22980975,WES,lung,lung_adenocarcinoma,InVEx
6794,STK11,27687306,WES,lung,lung_adenocarcinoma,InVEx
6794,STK11,22327622,Gene panel,lung,non-small_cell_lung_cancer,Recurrence-based
6794,STK11,27135926,WGS,breast,breast_cancer,Paper-specific
6794,STK11,22722201,WES,breast,breast_cancer,Greenman-based
6794,STK11,26099045,WGS,breast,breast_cancer,"Recurrence-based, Literature-based"
6794,STK11,25301631,WES,lung,lung_adenocarcinoma,Literature-based
6996,TDG,20668451,Gene panel,lung,lung_cancer_(all_histologies),Wood-based
7046,TGFBR1,26909576,WGS,pancreas,pancreatic_cancer_(all_histologies),"HOTNET2, OncodriveFM, MutSig"
7048,TGFBR2,26909576,WGS,pancreas,pancreatic_cancer_(all_histologies),"HOTNET2, OncodriveFM, MutSig"
7048,TGFBR2,23103869,WES,pancreas,pancreatic_ductal_adenocarcinoma,MuSiC
7048,TGFBR2,18772397,WES,pancreas,pancreatic_ductal_adenocarcinoma,Wood-based
7048,TGFBR2,26154128,WES-gene panel,pancreas,pancreatic_ductal_adenocarcinoma,Recurrence-based
7048,TGFBR2,28810144,WES plus targeted deep resequencing,pancreas,pancreatic_ductal_adenocarcinoma,MutSig
7048,TGFBR2,26939876,Gene panel,breast,triple_negative_breast_cancer,"Recurrence-based, Paper-specific"
7091,TLE4,26909576,WGS,pancreas,pancreatic_cancer_(all_histologies),"HOTNET2, OncodriveFM, MutSig"
7128,TNFAIP3,26939876,Gene panel,breast,triple_negative_breast_cancer,"Recurrence-based, Paper-specific"
7157,TP53,26909576,WGS,pancreas,pancreatic_cancer_(all_histologies),"HOTNET2, OncodriveFM, MutSig"
7157,TP53,22722202,WES,breast,breast_cancer,MutSig
7157,TP53,23103869,WES,pancreas,pancreatic_ductal_adenocarcinoma,MuSiC
7157,TP53,27158780,WES,lung,lung_cancer_(all_histologies),MutSig
7157,TP53,22960745,WES,lung,lung_squamous_cell_carcinoma,MutSig
7157,TP53,23000897,WES,breast,breast_cancer,MuSiC
7157,TP53,25079552,WES,lung,lung_adenocarcinoma,MutSig
7157,TP53,26451490,WES,breast,breast_cancer,MutSig
7157,TP53,18948947,Gene panel,lung,lung_adenocarcinoma,MuSiC
7157,TP53,26168399,WGS,lung,small_cell_lung_cancer,Paper-specific
7157,TP53,22980976,WGS,lung,non-small_cell_lung_cancer,MuSiC
7157,TP53,22980975,WES,lung,lung_adenocarcinoma,InVEx
7157,TP53,18772397,WES,pancreas,pancreatic_ductal_adenocarcinoma,Wood-based
7157,TP53,27687306,WES,lung,lung_adenocarcinoma,InVEx
7157,TP53,20668451,Gene panel,breast,breast_cancer,Wood-based
7157,TP53,20668451,Gene panel,lung,lung_cancer_(all_histologies),Wood-based
7157,TP53,20668451,Gene panel,pancreas,pancreatic_ductal_adenocarcinoma,Wood-based
7157,TP53,28027327,WES,breast,breast_cancer,MutSig
7157,TP53,26503331,WES-gene panel,lung,lung_squamous_cell_carcinoma,MutSig
7157,TP53,22327622,Gene panel,lung,non-small_cell_lung_cancer,Recurrence-based
7157,TP53,22510280,WES,lung,non-small_cell_lung_cancer,"Literature-based, Paper-specific"
7157,TP53,22608084,WGS,breast,breast_cancer,Literature-based
7157,TP53,27135926,WGS,breast,breast_cancer,Paper-specific
7157,TP53,22941188,WES,lung,small_cell_lung_cancer,MuSiC
7157,TP53,27161491,Gene panel,breast,breast_cancer,Recurrence-based
7157,TP53,26960396,Gene panel,breast,male_breast_cancer,MutSig
7157,TP53,22941189,WES,lung,small_cell_lung_cancer,Wood-based
7157,TP53,26154128,WES-gene panel,pancreas,pancreatic_ductal_adenocarcinoma,Recurrence-based
7157,TP53,22722201,WES,breast,breast_cancer,Greenman-based
7157,TP53,26437033,WES-gene panel,breast,breast_fibroepithelial_tumours,Recurrence-based
7157,TP53,28810144,WES plus targeted deep resequencing,pancreas,pancreatic_ductal_adenocarcinoma,MutSig
7157,TP53,25719666,WGS,pancreas,pancreatic_ductal_adenocarcinoma,"MutSig, Recurrence-based"
7157,TP53,22156295,WES,pancreas,pancreatic_ductal_adenocarcinoma,Recurrence-based
7157,TP53,26939876,Gene panel,breast,triple_negative_breast_cancer,"Recurrence-based, Paper-specific"
7157,TP53,25855536,WES,pancreas,pancreatic_ductal_adenocarcinoma,MutSig
7157,TP53,26099045,WGS,breast,breast_cancer,"Recurrence-based, Literature-based"
7157,TP53,25301631,WES,lung,lung_adenocarcinoma,Literature-based
7159,TP53BP2,26909576,WGS,pancreas,pancreatic_cancer_(all_histologies),"HOTNET2, OncodriveFM, MutSig"
7161,TP73,26168399,WGS,lung,small_cell_lung_cancer,Paper-specific
7188,TRAF5,20668451,Gene panel,breast,breast_cancer,Wood-based
7248,TSC1,26939876,Gene panel,breast,triple_negative_breast_cancer,"Recurrence-based, Paper-specific"
7249,TSC2,21252315,WES,pancreas,pancreatic_neuroendocrine_tumours,Recurrence-based
7307,U2AF1,26909576,WGS,pancreas,pancreatic_cancer_(all_histologies),"HOTNET2, OncodriveFM, MutSig"
7307,U2AF1,27158780,WES,lung,lung_cancer_(all_histologies),MutSig
7307,U2AF1,25079552,WES,lung,lung_adenocarcinoma,MutSig
7307,U2AF1,22980975,WES,lung,lung_adenocarcinoma,InVEx
7307,U2AF1,27687306,WES,lung,lung_adenocarcinoma,InVEx
7403,KDM6A,26909576,WGS,pancreas,pancreatic_cancer_(all_histologies),"HOTNET2, OncodriveFM, MutSig"
7403,KDM6A,27158780,WES,lung,lung_cancer_(all_histologies),MutSig
7403,KDM6A,27135926,WGS,breast,breast_cancer,Paper-specific
7403,KDM6A,27161491,Gene panel,breast,breast_cancer,Recurrence-based
7403,KDM6A,25719666,WGS,pancreas,pancreatic_ductal_adenocarcinoma,"MutSig, Recurrence-based"
7403,KDM6A,26939876,Gene panel,breast,triple_negative_breast_cancer,"Recurrence-based, Paper-specific"
7428,VHL,22158988,WES,pancreas,pancreatic_neoplastic_cysts,Recurrence-based
7450,VWF,22156295,WES,pancreas,pancreatic_ductal_adenocarcinoma,Recurrence-based
7490,WT1,26939876,Gene panel,breast,triple_negative_breast_cancer,"Recurrence-based, Paper-specific"
7494,XBP1,27135926,WGS,breast,breast_cancer,Paper-specific
7750,ZMYM2,20668451,Gene panel,lung,lung_cancer_(all_histologies),Wood-based
7764,ZNF217,27135926,WGS,breast,breast_cancer,Paper-specific
8085,KMT2D,27158780,WES,lung,lung_cancer_(all_histologies),MutSig
8085,KMT2D,22960745,WES,lung,lung_squamous_cell_carcinoma,MutSig
8085,KMT2D,22608084,WGS,breast,breast_cancer,Literature-based
8085,KMT2D,27135926,WGS,breast,breast_cancer,Paper-specific
8085,KMT2D,26154128,WES-gene panel,pancreas,pancreatic_ductal_adenocarcinoma,Recurrence-based
8085,KMT2D,22722201,WES,breast,breast_cancer,Greenman-based
8085,KMT2D,26437033,WES-gene panel,breast,breast_fibroepithelial_tumours,Recurrence-based
8085,KMT2D,26939876,Gene panel,breast,triple_negative_breast_cancer,"Recurrence-based, Paper-specific"
8085,KMT2D,26099045,WGS,breast,breast_cancer,"Recurrence-based, Literature-based"
8202,NCOA3,26451490,WES,breast,breast_cancer,MutSig
8239,USP9X,27135926,WGS,breast,breast_cancer,Paper-specific
8239,USP9X,27161491,Gene panel,breast,breast_cancer,Recurrence-based
8241,RBM10,26909576,WGS,pancreas,pancreatic_cancer_(all_histologies),"HOTNET2, OncodriveFM, MutSig"
8241,RBM10,27158780,WES,lung,lung_cancer_(all_histologies),MutSig
8241,RBM10,25079552,WES,lung,lung_adenocarcinoma,MutSig
8241,RBM10,22980975,WES,lung,lung_adenocarcinoma,InVEx
8241,RBM10,27687306,WES,lung,lung_adenocarcinoma,InVEx
8241,RBM10,25855536,WES,pancreas,pancreatic_ductal_adenocarcinoma,MutSig
8289,ARID1A,26909576,WGS,pancreas,pancreatic_cancer_(all_histologies),"HOTNET2, OncodriveFM, MutSig"
8289,ARID1A,23103869,WES,pancreas,pancreatic_ductal_adenocarcinoma,MuSiC
8289,ARID1A,27158780,WES,lung,lung_cancer_(all_histologies),MutSig
8289,ARID1A,25079552,WES,lung,lung_adenocarcinoma,MutSig
8289,ARID1A,26451490,WES,breast,breast_cancer,MutSig
8289,ARID1A,22980975,WES,lung,lung_adenocarcinoma,InVEx
8289,ARID1A,18772397,WES,pancreas,pancreatic_ductal_adenocarcinoma,Wood-based
8289,ARID1A,27135926,WGS,breast,breast_cancer,Paper-specific
8289,ARID1A,27161491,Gene panel,breast,breast_cancer,Recurrence-based
8289,ARID1A,26154128,WES-gene panel,pancreas,pancreatic_ductal_adenocarcinoma,Recurrence-based
8289,ARID1A,22722201,WES,breast,breast_cancer,Greenman-based
8289,ARID1A,28810144,WES plus targeted deep resequencing,pancreas,pancreatic_ductal_adenocarcinoma,MutSig
8289,ARID1A,22156295,WES,pancreas,pancreatic_ductal_adenocarcinoma,Recurrence-based
8289,ARID1A,26939876,Gene panel,breast,triple_negative_breast_cancer,"Recurrence-based, Paper-specific"
8289,ARID1A,25855536,WES,pancreas,pancreatic_ductal_adenocarcinoma,MutSig
8289,ARID1A,26099045,WGS,breast,breast_cancer,"Recurrence-based, Literature-based"
8289,ARID1A,25301631,WES,lung,lung_adenocarcinoma,Literature-based
8312,AXIN1,27135926,WGS,breast,breast_cancer,Paper-specific
8312,AXIN1,25855536,WES,pancreas,pancreatic_ductal_adenocarcinoma,MutSig
8314,BAP1,27161491,Gene panel,breast,breast_cancer,Recurrence-based
8314,BAP1,22722201,WES,breast,breast_cancer,Greenman-based
8314,BAP1,26099045,WGS,breast,breast_cancer,"Recurrence-based, Literature-based"
8347,HIST1H2BC,23000897,WES,breast,breast_cancer,MuSiC
8358,HIST1H3B,26099045,WGS,breast,breast_cancer,"Recurrence-based, Literature-based"
8405,SPOP,26939876,Gene panel,breast,triple_negative_breast_cancer,"Recurrence-based, Paper-specific"
8452,CUL3,27158780,WES,lung,lung_cancer_(all_histologies),MutSig
8471,IRS4,26451490,WES,breast,breast_cancer,MutSig
8570,KHSRP,22941189,WES,lung,small_cell_lung_cancer,Wood-based
8626,TP63,26939876,Gene panel,breast,triple_negative_breast_cancer,"Recurrence-based, Paper-specific"
9100,USP10,25855536,WES,pancreas,pancreatic_ductal_adenocarcinoma,MutSig
9353,SLIT2,22941188,WES,lung,small_cell_lung_cancer,MuSiC
9439,MED23,27135926,WGS,breast,breast_cancer,Paper-specific
9542,NRG2,18772397,WES,pancreas,pancreatic_ductal_adenocarcinoma,Wood-based
9611,NCOR1,23000897,WES,breast,breast_cancer,MuSiC
9611,NCOR1,26451490,WES,breast,breast_cancer,MutSig
9611,NCOR1,22608084,WGS,breast,breast_cancer,Literature-based
9611,NCOR1,27135926,WGS,breast,breast_cancer,Paper-specific
9611,NCOR1,27161491,Gene panel,breast,breast_cancer,Recurrence-based
9611,NCOR1,22722201,WES,breast,breast_cancer,Greenman-based
9774,BCLAF1,22941189,WES,lung,small_cell_lung_cancer,Wood-based
9817,KEAP1,27158780,WES,lung,lung_cancer_(all_histologies),MutSig
9817,KEAP1,22960745,WES,lung,lung_squamous_cell_carcinoma,MutSig
9817,KEAP1,25079552,WES,lung,lung_adenocarcinoma,MutSig
9817,KEAP1,22980975,WES,lung,lung_adenocarcinoma,InVEx
9817,KEAP1,27687306,WES,lung,lung_adenocarcinoma,InVEx
9817,KEAP1,20668451,Gene panel,lung,lung_cancer_(all_histologies),Wood-based
9817,KEAP1,26503331,WES-gene panel,lung,lung_squamous_cell_carcinoma,MutSig
9817,KEAP1,22510280,WES,lung,non-small_cell_lung_cancer,"Literature-based, Paper-specific"
9968,MED12,25038752,WES,breast,breast_fibroadenoma,Recurrence-based
9968,MED12,26437033,WES-gene panel,breast,breast_fibroepithelial_tumours,Recurrence-based
10000,AKT3,26939876,Gene panel,breast,triple_negative_breast_cancer,"Recurrence-based, Paper-specific"
10076,PTPRU,27158780,WES,lung,lung_cancer_(all_histologies),MutSig
10499,NCOA2,26939876,Gene panel,breast,triple_negative_breast_cancer,"Recurrence-based, Paper-specific"
10664,CTCF,23000897,WES,breast,breast_cancer,MuSiC
10664,CTCF,26451490,WES,breast,breast_cancer,MutSig
10664,CTCF,27135926,WGS,breast,breast_cancer,Paper-specific
10664,CTCF,27161491,Gene panel,breast,breast_cancer,Recurrence-based
10664,CTCF,26099045,WGS,breast,breast_cancer,"Recurrence-based, Literature-based"
10718,NRG3,20668451,Gene panel,lung,lung_cancer_(all_histologies),Wood-based
10735,STAG2,27135926,WGS,breast,breast_cancer,Paper-specific
10849,CD3EAP,26451490,WES,breast,breast_cancer,MutSig
11200,CHEK2,27161491,Gene panel,breast,breast_cancer,Recurrence-based
11200,CHEK2,26099045,WGS,breast,breast_cancer,"Recurrence-based, Literature-based"
23013,SPEN,27135926,WGS,breast,breast_cancer,Paper-specific
23077,MYCBP2,26909576,WGS,pancreas,pancreatic_cancer_(all_histologies),"HOTNET2, OncodriveFM, MutSig"
23191,CYFIP1,18772397,WES,pancreas,pancreatic_ductal_adenocarcinoma,Wood-based
23309,SIN3B,26909576,WGS,pancreas,pancreatic_cancer_(all_histologies),"HOTNET2, OncodriveFM, MutSig"
23365,ARHGEF12,27158780,WES,lung,lung_cancer_(all_histologies),MutSig
23405,DICER1,26939876,Gene panel,breast,triple_negative_breast_cancer,"Recurrence-based, Paper-specific"
23451,SF3B1,26909576,WGS,pancreas,pancreatic_cancer_(all_histologies),"HOTNET2, OncodriveFM, MutSig"
23451,SF3B1,23103869,WES,pancreas,pancreatic_ductal_adenocarcinoma,MuSiC
23451,SF3B1,23000897,WES,breast,breast_cancer,MuSiC
23451,SF3B1,26451490,WES,breast,breast_cancer,MutSig
23451,SF3B1,18772397,WES,pancreas,pancreatic_ductal_adenocarcinoma,Wood-based
23451,SF3B1,27135926,WGS,breast,breast_cancer,Paper-specific
23451,SF3B1,27161491,Gene panel,breast,breast_cancer,Recurrence-based
23451,SF3B1,22722201,WES,breast,breast_cancer,Greenman-based
23451,SF3B1,26099045,WGS,breast,breast_cancer,"Recurrence-based, Literature-based"
26191,PTPN22,23000897,WES,breast,breast_cancer,MuSiC
26986,PABPC1,25855536,WES,pancreas,pancreatic_ductal_adenocarcinoma,MutSig
27086,FOXP1,27135926,WGS,breast,breast_cancer,Paper-specific
27086,FOXP1,27161491,Gene panel,breast,breast_cancer,Recurrence-based
27316,RBMX,26451490,WES,breast,breast_cancer,MutSig
27328,PCDH11X,22510280,WES,lung,non-small_cell_lung_cancer,"Literature-based, Paper-specific"
29028,ATAD2,26451490,WES,breast,breast_cancer,MutSig
29072,SETD2,26909576,WGS,pancreas,pancreatic_cancer_(all_histologies),"HOTNET2, OncodriveFM, MutSig"
29072,SETD2,27158780,WES,lung,lung_cancer_(all_histologies),MutSig
29072,SETD2,25079552,WES,lung,lung_adenocarcinoma,MutSig
29072,SETD2,22980975,WES,lung,lung_adenocarcinoma,InVEx
29072,SETD2,27687306,WES,lung,lung_adenocarcinoma,InVEx
29072,SETD2,27135926,WGS,breast,breast_cancer,Paper-specific
29072,SETD2,22722201,WES,breast,breast_cancer,Greenman-based
29072,SETD2,26437033,WES-gene panel,breast,breast_fibroepithelial_tumours,Recurrence-based
29072,SETD2,26099045,WGS,breast,breast_cancer,"Recurrence-based, Literature-based"
29072,SETD2,25301631,WES,lung,lung_adenocarcinoma,Literature-based
29110,TBK1,26939876,Gene panel,breast,triple_negative_breast_cancer,"Recurrence-based, Paper-specific"
29119,CTNNA3,22510280,WES,lung,non-small_cell_lung_cancer,"Literature-based, Paper-specific"
29994,BAZ2B,27687306,WES,lung,lung_adenocarcinoma,InVEx
29998,BICRA,18772397,WES,pancreas,pancreatic_ductal_adenocarcinoma,Wood-based
51088,KLHL5,27158780,WES,lung,lung_cancer_(all_histologies),MutSig
51412,ACTL6B,26451490,WES,breast,breast_cancer,MutSig
54464,XRN1,26168399,WGS,lung,small_cell_lung_cancer,Paper-specific
54790,TET2,27135926,WGS,breast,breast_cancer,Paper-specific
54880,BCOR,27135926,WGS,breast,breast_cancer,Paper-specific
54880,BCOR,26437033,WES-gene panel,breast,breast_fibroepithelial_tumours,Recurrence-based
55193,PBRM1,26909576,WGS,pancreas,pancreatic_cancer_(all_histologies),"HOTNET2, OncodriveFM, MutSig"
55193,PBRM1,18772397,WES,pancreas,pancreatic_ductal_adenocarcinoma,Wood-based
55193,PBRM1,27135926,WGS,breast,breast_cancer,Paper-specific
55193,PBRM1,27161491,Gene panel,breast,breast_cancer,Recurrence-based
55193,PBRM1,28810144,WES plus targeted deep resequencing,pancreas,pancreatic_ductal_adenocarcinoma,MutSig
55193,PBRM1,26939876,Gene panel,breast,triple_negative_breast_cancer,"Recurrence-based, Paper-specific"
55193,PBRM1,26099045,WGS,breast,breast_cancer,"Recurrence-based, Literature-based"
55294,FBXW7,26909576,WGS,pancreas,pancreatic_cancer_(all_histologies),"HOTNET2, OncodriveFM, MutSig"
55294,FBXW7,27158780,WES,lung,lung_cancer_(all_histologies),MutSig
55294,FBXW7,26451490,WES,breast,breast_cancer,MutSig
55294,FBXW7,22980975,WES,lung,lung_adenocarcinoma,InVEx
55294,FBXW7,20668451,Gene panel,lung,lung_cancer_(all_histologies),Wood-based
55294,FBXW7,26503331,WES-gene panel,lung,lung_squamous_cell_carcinoma,MutSig
55294,FBXW7,27135926,WGS,breast,breast_cancer,Paper-specific
55294,FBXW7,26939876,Gene panel,breast,triple_negative_breast_cancer,"Recurrence-based, Paper-specific"
55729,ATF7IP,27158780,WES,lung,lung_cancer_(all_histologies),MutSig
55770,EXOC2,20668451,Gene panel,breast,breast_cancer,Wood-based
57492,ARID1B,27135926,WGS,breast,breast_cancer,Paper-specific
57492,ARID1B,22722201,WES,breast,breast_cancer,Greenman-based
57492,ARID1B,26099045,WGS,breast,breast_cancer,"Recurrence-based, Literature-based"
57492,ARID1B,25301631,WES,lung,lung_adenocarcinoma,Literature-based
57521,RPTOR,26939876,Gene panel,breast,triple_negative_breast_cancer,"Recurrence-based, Paper-specific"
57680,CHD8,26437033,WES-gene panel,breast,breast_fibroepithelial_tumours,Recurrence-based
57697,FANCM,27158780,WES,lung,lung_cancer_(all_histologies),MutSig
58508,KMT2C,26909576,WGS,pancreas,pancreatic_cancer_(all_histologies),"HOTNET2, OncodriveFM, MutSig"
58508,KMT2C,23103869,WES,pancreas,pancreatic_ductal_adenocarcinoma,MuSiC
58508,KMT2C,27158780,WES,lung,lung_cancer_(all_histologies),MutSig
58508,KMT2C,23000897,WES,breast,breast_cancer,MuSiC
58508,KMT2C,26451490,WES,breast,breast_cancer,MutSig
58508,KMT2C,18772397,WES,pancreas,pancreatic_ductal_adenocarcinoma,Wood-based
58508,KMT2C,22608084,WGS,breast,breast_cancer,Literature-based
58508,KMT2C,27135926,WGS,breast,breast_cancer,Paper-specific
58508,KMT2C,27161491,Gene panel,breast,breast_cancer,Recurrence-based
58508,KMT2C,26154128,WES-gene panel,pancreas,pancreatic_ductal_adenocarcinoma,Recurrence-based
58508,KMT2C,22722201,WES,breast,breast_cancer,Greenman-based
58508,KMT2C,22156295,WES,pancreas,pancreatic_ductal_adenocarcinoma,Recurrence-based
58508,KMT2C,26939876,Gene panel,breast,triple_negative_breast_cancer,"Recurrence-based, Paper-specific"
58508,KMT2C,26099045,WGS,breast,breast_cancer,"Recurrence-based, Literature-based"
79633,FAT4,26503331,WES-gene panel,lung,lung_squamous_cell_carcinoma,MutSig
79718,TBL1XR1,23000897,WES,breast,breast_cancer,MuSiC
79718,TBL1XR1,26451490,WES,breast,breast_cancer,MutSig
79718,TBL1XR1,27161491,Gene panel,breast,breast_cancer,Recurrence-based
79728,PALB2,27135926,WGS,breast,breast_cancer,Paper-specific
79728,PALB2,28810144,WES plus targeted deep resequencing,pancreas,pancreatic_ductal_adenocarcinoma,MutSig
79728,PALB2,26099045,WGS,breast,breast_cancer,"Recurrence-based, Literature-based"
80243,PREX2,18772397,WES,pancreas,pancreatic_ductal_adenocarcinoma,Wood-based
80243,PREX2,27135926,WGS,breast,breast_cancer,Paper-specific
80243,PREX2,25719666,WGS,pancreas,pancreatic_ductal_adenocarcinoma,"MutSig, Recurrence-based"
83737,ITCH,20668451,Gene panel,breast,breast_cancer,Wood-based
83741,TFAP2D,22941188,WES,lung,small_cell_lung_cancer,MuSiC
83990,BRIP1,26099045,WGS,breast,breast_cancer,"Recurrence-based, Literature-based"
84295,PHF6,27135926,WGS,breast,breast_cancer,Paper-specific
84444,DOT1L,27158780,WES,lung,lung_cancer_(all_histologies),MutSig
92737,DNER,20668451,Gene panel,lung,lung_cancer_(all_histologies),Wood-based
94025,MUC16,20668451,Gene panel,lung,lung_cancer_(all_histologies),Wood-based
138009,DCAF4L2,23000897,WES,breast,breast_cancer,MuSiC
169044,COL22A1,26168399,WGS,lung,small_cell_lung_cancer,Paper-specific
169044,COL22A1,22941189,WES,lung,small_cell_lung_cancer,Wood-based
171023,ASXL1,27135926,WGS,breast,breast_cancer,Paper-specific
171023,ASXL1,22722201,WES,breast,breast_cancer,Greenman-based
196528,ARID2,23103869,WES,pancreas,pancreatic_ductal_adenocarcinoma,MuSiC
196528,ARID2,27158780,WES,lung,lung_cancer_(all_histologies),MutSig
196528,ARID2,22722201,WES,breast,breast_cancer,Greenman-based
196528,ARID2,26099045,WGS,breast,breast_cancer,"Recurrence-based, Literature-based"
283383,ADGRD1,18772397,WES,pancreas,pancreatic_ductal_adenocarcinoma,Wood-based
285220,EPHA6,26939876,Gene panel,breast,triple_negative_breast_cancer,"Recurrence-based, Paper-specific"
